DataSet,psnr,ssim
psnr,25.514753330980668,0.9051780700683594
ssim,25.514753330980668,0.9051780700683594
